,year,timestep,stand_age,disturb_mort,disturb_bio_remove,lai_scalar,fol_n,npp_decline_scalar,wood_mort_rate,snag_fall_rate,snag_decay_rate,dwd_decay_rate,wood_production,wood_biomass,bark_biomass,standing_necromass,downed_necromass,standing_necromass_N,standing_necromass_CN,downed_necromass_N,downed_necromass_CN,standing_necromass_bark,downed_necromass_bark,standing_necromass_bark_N,standing_necromass_bark_CN,downed_necromass_bark_N,downed_necromass_bark_CN,wood_necromass,wood_necromass_N,bark_necromass,bark_necromass_N,total_necromass,total_necromass_N
0,1919,0,0.0,0.59,0.8,0.05,2.5,1.0,0.013333333333333334,0.14492753623188406,0.059880239520958084,0.12048192771084336,27.5,27.5,0.0,0.3135265700483092,0.0531400966183575,0.00048596618357487926,1.6048788316482105,8.236714975845412e-05,1.6048788316482108,0.0,0.0,0.0,49.74626865671642,0.0,,0.3666666666666667,0.0005683333333333333,0.0,0.0,0.3666666666666667,0.0005683333333333333
1,1920,1,1.0,0.0,0.0,0.1,2.5,1.0,0.013486842105263158,0.13220815752461323,0.05706214689265537,0.1118279569892473,55.0,82.13333333333333,0.0,1.210583661367401,0.2293196507271992,0.0019055044465910215,3.097368909227887,0.0003797937990230135,2.954018819944307,0.0,0.0,0.0,99.49253731343283,,,1.4399033120946003,0.002285298245614035,0.0,,1.4399033120946003,
2,1921,2,2.0,0.0,0.0,0.15,2.5,1.0,0.013636363636363636,0.12234706616729088,0.05454545454545454,0.10485436893203884,82.5,163.5256140350877,0.0,2.9346560737566962,0.6075452442182794,0.0046817600207495775,4.492199785784909,0.0010598750669697193,4.159199399845961,0.0,0.0,0.0,149.23880597014926,,,3.5422013179749756,0.005741635087719297,0.0,,3.5422013179749756,
3,1922,3,3.0,0.0,0.0,0.2,2.5,1.0,0.013782051282051282,0.11447811447811448,0.05228426395939086,0.09911504424778761,110.0,271.29571929824556,0.0,5.71133324533138,1.272129711524617,0.009220200670668503,5.80154719734313,0.0023169022668033806,5.257773537623181,0.0,0.0,0.0,198.98507462686567,,,6.9834629568559965,0.011537102937471884,0.0,,6.9834629568559965,
4,1923,4,4.0,0.0,0.0,0.25,2.5,1.0,0.013924050632911392,0.10805300713557595,0.050241545893719805,0.0943089430894309,137.5,405.05670778227613,0.0,9.752968257293782,2.310779905601889,0.015912037066258586,7.035625579827408,0.004367112539172547,6.270284636938196,0.0,0.0,0.0,248.73134328358208,,,12.06374816289567,0.020279149605431132,0.0,,12.06374816289567,
5,1924,5,5.0,0.0,0.0,0.3,2.5,1.0,0.0140625,0.10270774976657329,0.04838709677419355,0.09022556390977443,165.0,564.4166776739153,0.0,15.261314529712305,3.8136059697689593,0.025135951467259818,8.203099572763792,0.007445717909344938,7.210658307744382,0.0,0.0,0.0,298.4776119402985,,,19.074920499481266,0.032581669376604755,0.0,,19.074920499481266,
6,1925,6,6.0,0.0,0.0,0.35,2.5,1.0,0.014197530864197531,0.09819121447028424,0.04669603524229075,0.08671328671328671,192.5,748.9795681441259,0.0,22.42907211326846,5.872577752172185,0.037258940574138616,9.311383347472347,0.01180490263230447,8.089345540022075,0.0,0.0,0.0,348.2238805970149,,,28.301649865440645,0.04906384320644309,0.0,,28.301649865440645,
7,1926,7,7.0,0.0,0.0,0.4,2.5,1.0,0.014329268292682927,0.09432454036770584,0.04514767932489452,0.08366013071895424,220.0,958.3459076087463,0.0,31.44082114806765,8.581194246506556,0.052636685286137,10.366865917727024,0.017712371142652776,8.914625733207085,0.0,0.0,0.0,397.97014925373134,,,40.022015394574204,0.07034905642878977,0.0,,40.022015394574204,
8,1927,8,8.0,0.0,0.0,0.45,2.5,1.0,0.014457831325301205,0.09097688292319164,0.0437246963562753,0.08098159509202454,247.5,1192.1135119814257,0.0,42.47360028942262,12.034250297733058,0.07161366864516774,11.375085222759681,0.025450220702723857,9.693264331524585,0.0,0.0,0.0,447.7164179104478,,,54.50785058715568,0.0970638893478916,0.0,,54.50785058715568,
9,1928,9,9.0,0.0,0.0,0.5,2.5,1.0,0.014583333333333334,0.0880503144654088,0.042412451361867706,0.07861271676300578,275.0,1449.8781359045859,0.0,55.69727520766575,16.327643930437567,0.09452316467764815,12.340865414066196,0.035314011700586685,10.430895422977557,0.0,0.0,0.0,497.46268656716416,,,72.02491913810331,0.12983717637823483,0.0,,72.02491913810331,
10,1929,10,10.0,0.0,0.0,0.55,2.5,1.0,0.014705882352941176,0.08547008547008549,0.04119850187265917,0.07650273224043716,302.5,1731.2340797559773,0.0,71.27478165658079,21.55819747119083,0.12168716777572111,13.268426921204878,0.0476119618910691,11.132268935473672,0.0,0.0,0.0,547.2089552238806,,,92.83297912777161,0.16929912966679023,0.0,,92.83297912777161,
11,1930,11,11.0,0.0,0.0,0.6,2.5,1.0,0.014825581395348838,0.08317815021725637,0.04007220216606498,0.07461139896373056,330.0,2035.7747550536835,0.0,89.36229367635192,27.82348069037688,0.15341630262317027,14.161475894272364,0.06266422076076927,11.80142314631701,0.0,0.0,0.0,596.955223880597,,,117.18577436672881,0.21608052338393954,0.0,,117.18577436672881,
12,1931,12,12.0,0.0,0.0,0.65,2.5,1.0,0.014942528735632184,0.08112874779541447,0.03902439024390244,0.0729064039408867,357.5,2363.0932107200388,0.0,110.10934784988811,35.22163170404036,0.19000973762579607,15.023277712251879,0.08074418426621063,12.49258180384118,0.0,0.0,0.0,646.7014925373135,,,145.33097955392847,0.2707539218920067,0.0,,145.33097955392847,
13,1932,13,13.0,0.0,0.0,0.7,2.5,1.0,0.015056818181818182,0.07928531546622,0.038047138047138045,0.07136150234741784,385.0,2712.7826225138774,0.0,133.6589428185277,43.85117500898732,0.23175511477008331,15.856717976977157,0.10225737321949906,13.15169781642463,0.0,0.0,0.0,696.4477611940298,,,177.51011782751502,0.3340124879895824,0.0,,177.51011782751502,
14,1933,14,14.0,0.0,0.0,0.75,2.5,1.0,0.015168539325842697,0.07761828814460395,0.03713355048859935,0.06995515695067264,412.5,3084.4367477998903,0.0,160.14762610299437,53.81083765727669,0.27892850282030546,16.664353541300997,0.12739378354893502,13.82917960039515,0.0,0.0,0.0,746.1940298507462,,,213.95846376027106,0.4063222863692405,0.0,,213.95846376027106,
15,1934,15,15.0,0.0,0.0,0.8,2.5,1.0,0.015277777777777777,0.07610350076103502,0.03627760252365931,0.06866952789699571,440.0,3477.6503476928133,0.0,189.7055758030311,65.19936519027168,0.33179437711869475,17.448455506159373,0.1566901503982722,14.475342192521701,0.0,0.0,0.0,795.9402985074627,,,254.90494099330277,0.4884845275169669,0.0,,254.90494099330277,
16,1935,16,16.0,0.0,0.0,0.85,2.5,1.0,0.015384615384615385,0.07472100921882581,0.03547400611620795,0.06748971193415639,467.5,3892.019578491951,0.0,222.45668190389677,78.11533906192653,0.39060562703279267,18.211045678653694,0.1902112767986322,15.137129508074644,0.0,0.0,0.0,845.6865671641791,,,300.5720209658233,0.5808169038314248,0.0,,300.5720209658233,
17,1936,17,17.0,0.0,0.0,0.9,2.5,1.0,0.01548913043478261,0.07345420734542074,0.03471810089020771,0.06640316205533597,495.0,4327.14235420746,0.0,258.5186300803156,92.6569971554774,0.45560359074680756,18.953927657878108,0.228663306002808,15.768604064676799,0.0,0.0,0.0,895.4328358208955,,,351.17562723579294,0.6842668967496155,0.0,,351.17562723579294,
18,1937,18,18.0,0.0,0.0,0.95,2.5,1.0,0.015591397849462365,0.07228915662650602,0.0340057636887608,0.06539923954372624,522.5,4782.6186818732685,0.0,298.0029896876388,108.92205877695386,0.5270181162896026,19.67871347183193,0.2719479531052611,16.4135894207571,0.0,0.0,0.0,945.179104477612,,,406.92504846459263,0.7989660693948637,0.0,,406.92504846459263,
19,1938,19,19.0,0.2,0.4,1.0,2.5,1.0,0.015691489361702126,0.07121407121407121,0.033333333333333326,0.06446886446886448,550.0,5258.050971241911,0.0,341.0153068389511,127.00755526362072,0.6050659096599664,20.417267156414184,0.3209748264008325,17.029401910117183,0.0,0.0,0.0,994.9253731343283,,,468.0228621025718,0.926040736060799,0.0,,468.0228621025718,
20,1939,20,20.0,0.0,0.0,1.0,2.5,1.0,0.015789473684210527,0.07021891780256093,0.0326975476839237,0.0636042402826855,550.0,5725.54432036338,0.0,387.2514822108459,146.97917731629437,0.6893306966331703,21.138332269438816,0.37539947782158806,17.657636645740386,0.0,0.0,0.0,1044.6716417910447,,,534.2306595271402,1.0647301744547584,0.0,,534.2306595271402,
21,1940,21,21.0,0.0,0.0,1.0,2.49,1.0,0.015885416666666666,0.06929510155316607,0.03209549071618037,0.06279863481228669,548.0,6183.140988989221,0.0,436.4114254956419,168.87704844326592,0.7793715585618627,21.87220265184529,0.43535998419925437,18.29754824593849,0.0,0.0,0.0,1094.4179104477612,,,605.2884739389078,1.214731542761117,0.0,,605.2884739389078,
22,1941,22,22.0,0.0,0.0,1.0,2.48,1.0,0.015979381443298968,0.06843521722414456,0.03152454780361757,0.062046204620462043,546.0,6630.919218070382,0.0,488.226325963188,192.7207336668843,0.8747899076236784,22.589175788781027,0.5021027144479377,18.90910646201906,0.0,0.0,0.0,1144.1641791044776,,,680.9470596300723,1.3768926220716162,0.0,,680.9470596300723,
23,1942,23,23.0,0.0,0.0,1.0,2.47,1.0,0.01607142857142857,0.06763285024154589,0.030982367758186396,0.06134185303514377,544.0,7068.961230565134,0.0,542.4540157976439,218.51316208969843,0.9751927485031378,23.31808952062218,0.5746815579193104,19.531391336782093,0.0,0.0,0.0,1193.910447761194,,,760.9671778873424,1.5498743064224483,0.0,,760.9671778873424,
24,1943,24,24.0,0.0,0.0,1.0,2.46,1.0,0.01616161616161616,0.0668824163969795,0.030466830466830463,0.0606811145510836,542.0,7497.352925073909,0.0,598.8751271072849,246.24381753868352,1.0802382522232872,24.03067245621832,0.6553020733779463,20.08707502960593,0.0,0.0,0.0,1243.6567164179105,,,845.1189446459684,1.7355403256012334,0.0,,845.1189446459684,
25,1944,25,25.0,0.0,0.0,1.0,2.45,1.0,0.01625,0.06617903169627308,0.02997601918465228,0.060060060060060066,540.0,7916.183584870695,0.0,657.2898974548764,275.89133828575734,1.189567933912758,24.754418718626233,0.7411207965636125,20.693118463579573,0.0,0.0,0.0,1293.402985074627,,,933.1812357406337,1.9306887304763705,0.0,,933.1812357406337,
26,1945,26,26.0,0.0,0.0,1.0,2.44,1.0,0.016336633663366337,0.06551840594393786,0.029508196721311476,0.05947521865889214,538.0,8325.545601616546,0.0,717.5155070229089,307.4256385303661,1.3028899885848446,25.46237230121101,0.8329046153426232,21.308918939025084,0.0,0.0,0.0,1343.1492537313434,,,1024.941145553275,2.135794603927468,0.0,,1024.941145553275,
27,1946,27,27.0,0.0,0.0,1.0,2.43,1.0,0.01642156862745098,0.06489675516224189,0.029061784897025173,0.05892351274787536,536.0,8725.534213075287,0.0,779.3838528917134,340.80964201343863,1.4199018858693866,26.155540305844564,0.932668015091213,21.898195368866435,0.0,0.0,0.0,1392.8955223880596,,,1120.193494905152,2.3525699009605994,0.0,,1120.193494905152,
28,1947,28,28.0,0.0,0.0,1.0,2.42,1.0,0.01650485436893204,0.06431072906717605,0.028635346756152126,0.05840220385674932,534.0,9116.2472541841,0.0,842.7396836967656,376.0007004596568,1.540288879476714,26.85867281780685,1.0383887624591148,22.49606378400848,0.0,0.0,0.0,1442.641791044776,,,1218.7403841564224,2.578677641935829,0.0,,1218.7403841564224,
29,1948,29,29.0,0.0,0.0,1.0,2.41,1.0,0.01658653846153846,0.06375735066542866,0.02822757111597374,0.0579088471849866,532.0,9497.784920862616,0.0,907.4390321502326,412.9517554909424,1.6638148903422973,27.547450457739593,1.14994511812242,23.10241435767794,0.0,0.0,0.0,1492.3880597014925,,,1320.390787641175,2.813760008464717,0.0,,1320.390787641175,
30,1949,30,30.0,0.0,0.0,1.0,2.4,1.0,0.016666666666666666,0.06323396567299007,0.027837259100642397,0.05744125326370758,530.0,9870.249545973307,0.0,973.3478943289404,451.6122914343501,1.790180431827237,28.24560837346631,1.273712580552795,23.613033779682326,0.0,0.0,0.0,1542.134328358209,,,1424.9601857632904,3.063893012380032,0.0,,1424.9601857632904,
31,1950,31,31.0,0.0,0.0,1.0,2.39,0.9926168900970561,0.016745283018867924,0.06273819994136617,0.027463312368972745,0.05699745547073792,524.1017179712456,10229.847104844997,0.0,1040.279931415013,491.9250220452079,1.9190932753321708,28.929822587329507,1.3991667580992804,24.2022197542369,0.0,0.0,0.0,1591.8805970149253,,,1532.2049534602208,3.318260033431451,0.0,,1532.2049534602208,
32,1951,32,32.0,0.0,0.0,1.0,2.38,0.9855201503423955,0.016822429906542057,0.06226792345044273,0.027104722792607804,0.056575682382134,518.3835990801,10576.929018914721,0.0,1108.0651591393766,533.8276628028923,2.0501794901876123,29.622883327569436,1.5301270936579718,24.798848851856217,0.0,0.0,0.0,1641.6268656716418,,,1641.892821942269,3.580306583845584,0.0,,1641.892821942269,
33,1952,33,33.0,0.0,0.0,1.0,2.37,0.9786902305817646,0.016898148148148148,0.061821219715956555,0.02676056338028169,0.056174334140435836,512.8336808248447,10911.833052692402,0.0,1176.5481075899306,577.2541497082697,2.1831304060991243,30.324671874990663,1.6730985659994118,25.337946602492856,0.0,0.0,0.0,1691.3731343283582,,,1753.8022572982004,3.856228972098536,0.0,,1753.8022572982004,
34,1953,34,34.0,0.0,0.0,1.0,2.36,0.972109457458668,0.016972477064220184,0.06139635968486824,0.02642998027613412,0.055791962174940896,507.4411367934247,11234.88441799357,0.0,1245.5862379327527,622.1356490094504,2.3177523935608577,31.01253812528271,1.8179513714625168,25.917135518625397,0.0,0.0,0.0,1741.1194029850747,,,1867.7218869422031,4.135703765023375,0.0,,1867.7218869422031,
35,1954,35,35.0,0.0,0.0,1.0,2.35,0.9657618052019666,0.017045454545454544,0.060991779368867675,0.02611218568665377,0.05542725173210162,502.19613870502263,11546.396738595031,0.0,1315.0485763907536,668.4013932060232,2.4536877753840853,31.70865190124552,1.96775083972503,26.503211153669834,0.0,0.0,0.0,1790.865671641791,,,1983.4499695967768,4.421438615109116,0.0,,1983.4499695967768,
36,1955,36,36.0,0.0,0.0,1.0,2.34,0.9596327000605882,0.017117117117117116,0.06060606060606061,0.025806451612903226,0.055079006772009026,497.0897386313847,11846.67289645491,0.0,1384.8145323352883,715.9793725676191,2.5907940088517467,32.39124713240317,2.1307194185086913,27.03395265641518,0.0,0.0,0.0,1840.6119402985075,,,2100.7939049029073,4.721513427360438,0.0,,2100.7939049029073,
37,1956,37,37.0,0.0,0.0,1.0,2.33,0.9537088526615061,0.0171875,0.06023791445203746,0.025512104283054005,0.05474613686534217,492.11376797333713,12136.005777011449,0.0,1454.772872723323,764.7969063836018,2.728726805584033,33.08164901487081,2.2939936909311376,27.602473690147484,0.0,0.0,0.0,1890.358208955224,,,2219.5697791069247,5.02272049651517,0.0,,2219.5697791069247,
38,1957,38,38.0,0.0,0.0,1.0,2.32,0.947978113667247,0.017256637168141593,0.05988616679039842,0.02522851919561243,0.054427645788336934,487.26075042496495,12414.678928144029,0.0,1524.820829566201,814.7811140314545,2.8673906570076375,33.75891392429051,2.461480107215694,28.177372788523332,0.0,0.0,0.0,1940.1044776119404,,,2339.6019435976555,5.328870764223332,0.0,,2339.6019435976555,
39,1958,39,39.0,0.0,0.0,1.0,2.31,0.9424293489748035,0.01732456140350877,0.05954974582425563,0.02495511669658887,0.054122621564482026,482.5238266750994,12682.967144997172,0.0,1594.8633208144838,865.8593025473209,3.006450329931175,34.44357952236775,2.638467701567147,28.728494696347955,0.0,0.0,0.0,1989.8507462686566,,,2460.722623361805,5.644918031498322,0.0,,2460.722623361805,
40,1959,40,40.0,0.0,0.0,1.0,2.3,0.9370523313836244,0.017391304347826087,0.059227671167969675,0.024691358024691357,0.053830227743271224,477.8966890056484,12941.136990920633,0.0,1664.812268122605,917.9592845705215,3.145853866847463,35.11546918325795,2.819120391894871,29.285591589314734,0.0,0.0,0.0,2039.597014925373,,,2582.7715526931265,5.964974258742334,0.0,,2582.7715526931265,
41,1960,41,41.0,0.0,0.0,1.0,2.29,0.931837646207187,0.017456896551724138,0.0589190443052656,0.024436741767764298,0.05354969574036511,473.373524273251,13189.447263177874,0.0,1734.5859975269411,971.0096382076113,3.285271711325453,35.79438463250537,3.0074764167156505,29.81833288123269,0.0,0.0,0.0,2089.3432835820895,,,2705.595635734552,6.2927481280411035,0.0,,2705.595635734552,
42,1961,42,42.0,0.0,0.0,1.0,2.28,0.9267766087413509,0.01752136752136752,0.05862304021813224,0.024190800681431004,0.05328031809145129,468.9489640231235,13428.14941075328,0.0,1804.1087112204805,1024.9399184338556,3.42469238884438,36.46086619098408,3.1941139371817275,30.387037005599783,0.0,0.0,0.0,2139.089552238806,,,2829.048629654336,6.618806326026108,0.0,,2829.048629654336,
43,1962,43,43.0,0.0,0.0,1.0,2.27,0.9218611918566687,0.017584745762711865,0.05833890002226676,0.023953098827470688,0.053021442495126705,464.618040695761,13657.487910491398,0.0,1873.310020409092,1079.680828050325,3.5637893997175727,37.13402638883106,3.3970441543472973,30.903541211023526,0.0,0.0,0.0,2188.8358208955224,,,2952.990848459417,6.96083355406487,0.0,,2952.990848459417,
44,1963,44,44.0,0.0,0.0,1.0,2.26,0.9170839622690197,0.01764705882352941,0.0580659244706396,0.02372322899505766,0.05277246653919694,460.3761490590478,13877.700606887143,0.0,1942.1245307477761,1135.1643548856146,3.702588991189726,37.795077188404086,3.5954848274361133,31.4543544432546,0.0,0.0,0.0,2238.582089552239,,,3077.2888856333907,7.29807381862584,0.0,,3077.2888856333907,
45,1964,45,45.0,0.0,0.0,1.0,2.25,0.9124380242771514,0.017708333333333333,0.057803468208092484,0.023500810372771474,0.0525328330206379,456.2190121385757,14089.019020080652,0.0,2010.4914731287618,1191.3238808254855,3.8407657061651572,38.46248436836296,3.7959742590350105,32.01018683451723,0.0,0.0,0.0,2288.3283582089553,,,3201.8153539542473,7.636739965200167,0.0,,3201.8153539542473,
46,1965,46,46.0,0.0,0.0,1.0,2.24,0.9079169699476807,0.017768595041322315,0.05755093467758874,0.02328548644338118,0.05230202578268876,452.142651033945,14291.668625967335,0.0,2078.354373666866,1248.0942673329691,3.9783809835513173,39.11809041059432,4.011328980845764,32.51445284459631,0.0,0.0,0.0,2338.0746268656717,,,3326.4486409998353,7.989709964397082,0.0,,3326.4486409998353,
47,1966,47,47.0,0.0,0.0,1.0,2.23,0.9035148348861797,0.017827868852459017,0.05730777159348588,0.023076923076923078,0.052079566003616636,448.1433581035451,14485.869111791295,0.0,2145.6607576340657,1305.4119213540405,4.115108881124079,39.77975298012471,4.222975762350096,33.05278288616359,0.0,0.0,0.0,2387.820895522388,,,3451.0726789881064,8.338084643474176,0.0,,3451.0726789881064,
48,1967,48,48.0,0.0,0.0,1.0,2.2199999999999998,0.8992260588637365,0.01788617886178862,0.05707346690953248,0.02287480680061824,0.05186500888099467,444.2176730786858,14671.834610131078,0.0,2212.3618828619515,1363.214844863808,4.250824454534223,40.44739647083336,4.442533560514768,33.56799715328033,0.0,0.0,0.0,2437.5671641791046,,,3575.576727725759,8.693358015048991,0.0,,3575.576727725759,
49,1968,49,49.0,0.0,0.0,1.0,2.21,0.8950454506770039,0.017943548387096775,0.056847545219638244,0.022678843226788432,0.05165794066317626,440.36236173308595,14849.773913796778,0.0,2278.4124987802093,1421.4426707738269,4.3856632231908055,41.10332805645534,4.6557532884635116,34.11605808391913,0.0,0.0,0.0,2487.313432835821,,,3699.8551695540364,9.041416511654317,0.0,,3699.8551695540364,
50,1969,50,50.0,0.0,0.0,1.0,2.2,0.8909681567103649,0.018,0.056629564538176136,0.022488755622188907,0.051457975986277875,436.57439678807884,15019.890673825197,0.0,2343.7706278102087,1480.0366874748497,4.519268624572293,41.764967044810945,4.869621632560291,34.668574817427185,0.0,0.0,0.0,2537.0597014925374,,,3823.8073152850584,9.388890257132584,0.0,,3823.8073152850584,
51,1970,51,51.0,0.0,0.0,1.0,2.19,0.8869896327447203,0.018055555555555554,0.05641911341393207,0.022304283604135895,0.051264755480607084,432.8509407794235,15182.383582475766,0.0,2408.39736630075,1538.939853916418,4.651806529464814,42.41518570167066,5.103489575790798,35.1718564591574,0.0,0.0,0.0,2586.805970149254,,,3947.337220217168,9.755296105255612,0.0,,3947.337220217168,
52,1971,52,52.0,0.0,0.0,1.0,2.18,0.8831056186211911,0.01811023622047244,0.05621580833804943,0.02212518195050946,0.05107794361525705,429.1893306498989,15337.446542886519,0.0,2472.256702591122,1598.0968068129785,4.782917360985748,43.070856025181484,5.335532908102171,35.67946308818284,0.0,0.0,0.0,2636.5522388059703,,,4070.353509404101,10.11845026908792,0.0,,4070.353509404101,
53,1972,53,53.0,0.0,0.0,1.0,2.17,0.8793121154218346,0.0181640625,0.056019291411611945,0.02195121951219512,0.05089722675367047,425.587063864168,15485.268826840143,0.0,2535.31535012556,1657.4538613055688,4.912795131907989,43.71538357825738,5.558743140824983,36.218470986894545,0.0,0.0,0.0,2686.2985074626868,,,4192.7692114311285,10.471538272732973,0.0,,4192.7692114311285,
54,1973,54,54.0,0.0,0.0,1.0,2.16,0.8756053648750313,0.01821705426356589,0.05582922824302135,0.02178217821782178,0.0507223113964687,422.0417858697651,15626.035221909882,0.0,2597.542593832285,1716.95900619017,5.0410768500152345,44.36512323470173,5.781574170461294,36.761468406917096,0.0,0.0,0.0,2736.044776119403,,,4314.501600022455,10.822651020476528,0.0,,4314.501600022455,
55,1974,55,55.0,0.0,0.0,1.0,2.15,0.8719818307318771,0.01826923076923077,0.05564530604918327,0.021617852161785217,0.05055292259083728,418.55127875130097,15759.926169099259,0.0,2658.9101482269803,1776.5618946415138,5.1676842679070045,45.020011621614465,6.015405774647123,37.28252558389057,0.0,0.0,0.0,2785.791044776119,,,4435.472042868494,11.183090042554127,0.0,,4435.472042868494,
56,1975,56,56.0,0.0,0.0,1.0,2.14,0.868438181892892,0.0183206106870229,0.055467231937820174,0.021458046767537826,0.050388802488335924,415.11345094480237,15887.117891954747,0.0,2719.3920259114198,1836.213831208705,5.292878566681055,45.66386040517461,6.258375106269035,37.78147172535079,0.0,0.0,0.0,2835.5373134328356,,,4555.605857120125,11.55125367295009,0.0,,4555.605857120125,
57,1976,57,57.0,0.0,0.0,1.0,2.13,0.8649712770925237,0.01837121212121212,0.05529473135106938,0.02130257801899593,0.05022970903522205,411.7263278960413,16007.78251801345,0.0,2778.964415318294,1895.8677557315218,5.416261275003036,46.312638098037155,6.498240844901256,38.28430438355488,0.0,0.0,0.0,2885.283582089552,,,4674.832171049816,11.914502119904292,0.0,,4674.832171049816,
58,1977,58,58.0,0.0,0.0,1.0,2.12,0.8615781509730737,0.018421052631578946,0.05512754665297037,0.02115127175368139,0.05007541478129714,408.38804356123694,16122.088193346031,0.0,2837.605566707717,1955.4782247196868,5.538115353162112,46.950637294810676,6.727237456599244,38.81729606397526,0.0,0.0,0.0,2935.0298507462685,,,4793.083791427403,12.265352809761357,0.0,,4793.083791427403,
59,1978,59,59.0,0.0,0.0,1.0,2.11,0.8582560014004418,0.018470149253731343,0.054965435845557235,0.021003963011889035,0.049925705794948,405.09683266100853,16230.199190866457,0.0,2895.2956855532384,2015.0013906483157,5.658041705173865,47.59335862022985,6.959912572148495,39.32669336838616,0.0,0.0,0.0,2984.776119402985,,,4910.297076201554,12.61795427732236,0.0,,4910.297076201554,
60,1979,60,60.0,0.0,0.0,1.0,2.1,0.8550021778919727,0.018518518518518517,0.054808171400099644,0.020860495436766623,0.04978038067349927,401.8510236092272,16332.27601300259,0.0,2952.0168325687573,2074.3949795483177,5.776341507700675,48.22555075201172,7.210949692195899,39.81679601100617,0.0,0.0,0.0,3034.5223880597014,,,5026.411812117075,12.987291199896575,0.0,,5026.411812117075,
61,1980,61,61.0,0.0,0.0,1.0,2.09,0.8518141710421567,0.018566176470588235,0.05465553919162166,0.02072072072072072,0.04963924963924964,398.64903204772935,16428.475489253975,0.0,3007.75282972522,2133.6182672083805,5.892616364514901,48.862270201265474,7.446832221889189,40.33564115320253,0.0,0.0,0.0,3084.268656716418,,,5141.371096933601,13.33944858640409,0.0,,5141.371096933601,
62,1981,62,62.0,0.0,0.0,1.0,2.08,0.84868960284534,0.018613138686131386,0.05450733752620544,0.020584498094027955,0.049502133712660025,395.48935492592847,16518.95086910368,0.0,3062.489171689798,2192.632054253273,6.006827072049565,49.503464497177525,7.690904906056114,40.832440288574375,0.0,0.0,0.0,3134.0149253731342,,,5255.12122594307,13.69773197810568,0.0,,5255.12122594307,
63,1982,63,63.0,0.0,0.0,1.0,2.07,0.8456262178262367,0.018659420289855073,0.05436337625178826,0.020451693851944792,0.04936886395511921,392.3705650713738,16603.851910699035,0.0,3116.212942192308,2251.3986403199433,6.119323056001894,50.13423662370075,7.921586198540367,41.358259184011324,0.0,0.0,0.0,3183.7611940298507,,,5367.6115825122515,14.04090925454226,0.0,,5367.6115825122515,
64,1983,64,64.0,0.0,0.0,1.0,2.06,0.8426218748991726,0.01870503597122302,0.054223475944209364,0.020322180916976455,0.04923928077455048,389.2913062034178,16683.324965670206,0.0,3168.912734885723,2309.8817975167913,6.229679896727827,50.76930378014016,8.164452132277848,41.83538352100596,0.0,0.0,0.0,3233.507462686567,,,5478.794532402514,14.394132029005675,0.0,,5478.794532402514,
65,1984,65,65.0,0.0,0.0,1.0,2.05,0.83967453988583,0.01875,0.054087467161180645,0.020195838433292534,0.04911323328785812,386.2502883474817,16757.513060415225,0.0,3220.5785783210586,2368.046743321464,6.338257290083808,51.39418311462756,8.389359160807278,42.36809437479765,0.0,0.0,0.0,3283.2537313432836,,,5588.625321642523,14.727616450891086,0.0,,5588.625321642523,
66,1985,66,66.0,0.0,0.0,1.0,2.04,0.8367822786290059,0.01879432624113475,0.05395518975765889,0.020072551390568318,0.04899057873485868,383.2462836120847,16826.55597414452,0.0,3271.2018647030845,2425.860113047486,6.44463559623647,52.02318747278379,8.653692847207338,42.8302244441501,0.0,0.0,0.0,3333.0,,,5697.061977750571,15.098328443443808,0.0,,5697.061977750571,
67,1986,67,67.0,0.0,0.0,1.0,2.0300000000000002,0.8339432506466667,0.018838028169014084,0.05382649225680348,0.01995221027479092,0.048871181938911025,380.27812229488006,16890.590313946614,0.0,3320.775282133056,2483.289931989244,6.548795747122835,52.65627005307791,8.89800453322797,43.32011748570452,0.0,0.0,0.0,3382.7462686567164,,,5804.0652141223,15.446800280350805,0.0,,5804.0652141223,
68,1987,68,68.0,0.0,0.0,1.0,2.02,0.831155703276545,0.01888111888111888,0.05370123127132472,0.019834710743801654,0.04875491480996068,377.34468928755143,16949.749587108763,0.0,3369.2927500791193,2540.305587337551,6.651133689012351,53.279275125659936,9.126762295666218,43.83794856301709,0.0,0.0,0.0,3432.492537313433,,,5909.59833741667,15.777895984678569,0.0,,5909.59833741667,
69,1988,69,69.0,0.0,0.0,1.0,2.01,0.8284179662667596,0.01892361111111111,0.05357927097057531,0.01971995332555426,0.04864165588615783,374.4449207525753,17004.164270901943,0.0,3416.7493578447065,2596.8777999436347,6.751210339995365,53.90620094243373,9.362354297303764,44.33381457134653,0.0,0.0,0.0,3482.2388059701493,,,6013.627157788342,16.113564637299127,0.0,,6013.627157788342,
70,1989,70,70.0,0.0,0.0,1.0,2.0,0.8257284467725645,0.01896551724137931,0.0534604825892212,0.0196078431372549,0.04853128991060025,371.577801047654,17053.9618800176,0.0,3463.1413058310313,2652.9785959975106,6.84942562306251,54.52326942637609,9.584162324749546,44.8576088742905,0.0,0.0,0.0,3531.9850746268658,,,6116.119901828542,16.433587947812057,0.0,,6116.119901828542,
71,1990,71,71.0,0.0,0.0,1.0,2.0,0.8230856247234164,0.019006849315068495,0.05334474397375552,0.01949828962371722,0.04842370744010088,370.3885311255374,17100.913203073836,0.0,3508.4954688623748,2708.5829477553407,6.945394492611233,55.14410929978794,9.802744040214925,45.38412029753347,0.0,0.0,0.0,3581.731343283582,,,6217.078416617715,16.748138532826157,0.0,,6217.078416617715,
72,1991,72,72.0,0.0,0.0,1.0,2.0,0.820488048528157,0.01904761904761905,0.05323193916349809,0.01939120631341601,0.048318804483188045,369.2196218376707,17145.098344510618,0.0,3552.8370150802157,2763.668418121345,7.039156012101362,55.768678964791384,10.077979293145624,45.81774711733041,0.0,0.0,0.0,3631.4776119402986,,,6316.505433201561,17.117135305246986,0.0,,6316.505433201561,
73,1992,73,73.0,0.0,0.0,1.0,2.0,0.8179343310893256,0.019087837837837837,0.053121958003059376,0.019286510590858418,0.04821648216482165,368.0704489901965,17186.595491700613,0.0,3596.189574421878,2818.214926787785,7.1311758996821935,56.38350234118179,10.31559046787207,46.30224932925825,0.0,0.0,0.0,3681.223880597015,,,6414.404501209663,17.446766367554265,0.0,,6414.404501209663,
74,1993,74,74.0,0.0,0.0,1.0,2.0,0.8154231461004422,0.01912751677852349,0.05301469578354621,0.01918412348401323,0.048116646415552855,366.940415745199,17225.480959715715,0.0,3638.5753907807825,2872.204538854232,7.221046161739526,57.00191668676463,10.543711837905654,46.78872032275791,0.0,0.0,0.0,3730.9701492537315,,,6510.779929635015,17.76475799964518,0.0,,6510.779929635015,
75,1994,75,75.0,0.0,0.0,1.0,2.0,0.8129532246026606,0.019166666666666665,0.0529100529100529,0.019083969465648856,0.04801920768307323,365.82895107119725,17261.82923471181,0.0,3680.0154593593456,2925.6212737423393,7.308804467740435,57.62388228506211,10.770845526798484,47.2787548260152,0.0,0.0,0.0,3780.716417910448,,,6605.6367331016845,18.07964999453892,0.0,,6605.6367331016845,
76,1995,76,76.0,0.0,0.0,1.0,2.0,0.8105233517794204,0.019205298013245033,0.05280793459321806,0.018985976267529667,0.04792408066429419,364.7355083007392,17295.713016013906,0.0,3720.5296505877745,2978.4509324319897,7.394929222908093,58.236216242599404,10.983025190583286,47.79580092836519,0.0,0.0,0.0,3830.4626865671644,,,6698.980583019764,18.37795441349138,0.0,,6698.980583019764,
77,1996,77,77.0,0.0,0.0,1.0,2.0,0.8081323639697636,0.01924342105263158,0.05270825056283935,0.01889007470651014,0.04783118405627198,363.6595637863936,17327.20325697619,0.0,3760.1368218568405,3030.680941234352,7.478994976272588,58.851972213284526,11.191458815700422,48.31531169681025,0.0,0.0,0.0,3880.208955223881,,,6790.817763091192,18.67045379197301,0.0,,6790.817763091192,
78,1997,78,78.0,0.0,0.0,1.0,2.0,0.805779145882771,0.019281045751633988,0.05261091480172752,0.01879619852164731,0.047740440324449594,362.60061564724697,17356.369204684917,0.0,3798.8549181989993,3082.3002104890265,7.561471434716588,59.458299017881004,11.412739550625968,48.814059669254505,0.0,0.0,0.0,3929.955223880597,,,6881.155128688026,18.974210985342555,0.0,,6881.155128688026,
79,1998,79,79.0,0.0,0.0,1.0,2.0,0.8034626279971866,0.019318181818181818,0.052515845298150295,0.0187042842215256,0.04765177548682703,361.558182598734,17383.27843856587,0.0,3836.701062948875,3133.2990067277406,7.641941544710272,60.06792471865272,11.67664396885813,49.24510850319411,0.0,0.0,0.0,3979.7014925373132,,,6970.000069676616,19.3185855135684,0.0,,6970.000069676616,
80,1999,80,80.0,0.0,0.0,1.0,2.0,0.8011817841317495,0.01935483870967742,0.05242296381536887,0.01861427094105481,0.04756511891279728,360.53180285928727,17407.996907952864,0.0,3873.6916393202473,3183.6688369875565,7.720442034610968,60.680814134192055,11.90047421495903,49.72550777075768,0.0,0.0,0.0,4029.4477611940297,,,7057.360476307804,19.620916249569998,0.0,,7057.360476307804,
81,2000,81,81.0,0.0,0.0,1.0,2.0,0.7989356291730477,0.01939102564102564,0.05233219567690557,0.018526100307062435,0.04748040313549832,359.5210331278715,17430.588968668744,0.0,3909.842363751284,3233.4023440837036,7.7974492683564876,61.284386930138886,12.118091626481528,50.20837566607758,0.0,0.0,0.0,4079.194029850746,,,7143.244707834988,19.915540894838017,0.0,,7143.244707834988,
82,2001,82,82.0,0.0,0.0,1.0,2.0,0.7967232169488744,0.019426751592356687,0.052243469566304206,0.018439716312056736,0.04739756367663345,358.52544762699347,17451.117418666105,0.0,3945.1683517922,3282.4932117671524,7.872535812606154,61.891108457656415,12.319235445749134,50.71728568576773,0.0,0.0,0.0,4128.940298507463,,,7227.6615635593525,20.19177125835529,0.0,,7227.6615635593525,
83,2002,83,83.0,0.0,0.0,1.0,2.0,0.7945436382361215,0.019462025316455696,0.0521567173402546,0.01835506519558676,0.047316538882803946,357.54463720625466,17469.643532770882,0.0,3979.6841772389835,3330.9360787961264,7.945737587483725,62.50094528476734,12.516265348374384,51.22843734038765,0.0,0.0,0.0,4178.686567164179,,,7310.62025603511,20.46200293585811,0.0,,7310.62025603511,
84,2003,84,84.0,0.0,0.0,1.0,2.0,0.7923960188931917,0.01949685534591195,0.05207187385405206,0.018272095332671302,0.04723726977248104,356.5782085019363,17486.227096568575,0.0,4013.4039251526697,3378.726461044879,8.017534439773335,63.10157960652079,12.718830770119819,51.718127791062734,0.0,0.0,0.0,4228.432835820896,,,7392.130386197548,20.736365209893155,0.0,,7392.130386197548,
85,2004,85,85.0,0.0,0.0,1.0,2.0,0.7902795181077672,0.01953125,0.051988876798452426,0.018190757128810225,0.04715969989281887,355.62578314849526,17500.926439469506,0.0,4046.341239345357,3425.8606808582667,8.08749251802603,63.70522167423273,12.907242642196888,52.233814559456825,0.0,0.0,0.0,4278.179104477612,,,7472.201920203624,20.994735160222916,0.0,,7472.201920203624,
86,2005,86,86.0,0.0,0.0,1.0,2.0,0.7881933267515415,0.01956521739130435,0.05190766654706375,0.018111002921129504,0.04708377518557794,354.6869970381937,17513.79846698681,0.0,4078.5093648610887,3472.3358029376222,8.155647076361074,64.31183977803259,13.191619676712921,52.614961750193714,0.0,0.0,0.0,4327.925373134329,,,7550.8451677987105,21.347266753073995,0.0,,7550.8451677987105,
87,2006,87,87.0,0.0,0.0,1.0,2.0,0.7861366658342326,0.019598765432098767,0.05182818601348953,0.018032786885245903,0.04700944386149003,353.76149962540467,17524.898692258124,0.0,4109.921185931509,3518.1495761131982,8.222478624613963,64.90937040123012,13.39921572659689,53.089892264275036,0.0,0.0,0.0,4377.671641791045,,,7628.070762044707,21.621694351210852,0.0,,7628.070762044707,
88,2007,88,88.0,0.0,0.0,1.0,2.0,0.7841087850498116,0.0196319018404908,0.0517503805175038,0.017956064947468958,0.046936656282450674,352.84895327241526,17534.281266839676,0.0,4140.58925984232,3563.3003804213945,8.28755030181652,65.50977630150481,13.588373755626925,53.59004327270726,0.0,0.0,0.0,4427.417910447762,,,7703.889640263715,21.875924057443445,0.0,,7703.889640263715,
89,2008,89,89.0,0.0,0.0,1.0,2.0,0.7821089614084774,0.019664634146341464,0.051674197659599116,0.017880794701986755,0.04686536485097636,351.94903263381485,17541.99901079934,0.0,4170.525847106662,3607.7871789620126,8.350896775804372,66.11302744248275,13.784753862679025,54.06913064151158,0.0,0.0,0.0,4477.164179104478,,,7778.313026068674,22.135650638483398,0.0,,7778.313026068674,
90,2009,90,90.0,0.0,0.0,1.0,2.0,0.780136497948413,0.019696969696969695,0.05159958720330237,0.01780693533270853,0.04679552390640895,351.06142407678584,17548.103442133273,0.0,4199.742938305213,3651.609474062303,8.412996737677306,66.70730650971969,13.964686958138506,54.57354260841397,0.0,0.0,0.0,4526.910447761194,,,7851.352412367516,22.37768369581581,0.0,,7851.352412367516,
91,2010,91,91.0,0.0,0.0,1.0,2.0,0.7781907225218438,0.0197289156626506,0.05152650096470321,0.017734447539461465,0.04672708962739174,350.1858251348297,17552.644805529115,0.0,4228.2522779198225,3694.767267321132,8.473413231794684,67.3043362812963,14.150464771609872,55.05674326396108,0.0,0.0,0.0,4576.6567164179105,,,7923.019545240954,22.623878003404556,0.0,,7923.019545240954,
92,2011,92,92.0,0.0,0.0,1.0,2.0,0.7762709866503478,0.01976047904191617,0.05145489270868442,0.01766329346826127,0.04666001994017946,349.3219439926565,17555.672100497028,0.0,4256.065385457386,3737.2610231487365,8.532610647205427,67.89257154405077,14.321611726143148,55.565200561211654,0.0,0.0,0.0,4626.4029850746265,,,7993.326408606123,22.854222373348577,0.0,,7993.326408606123,
93,2012,93,93.0,0.0,0.0,1.0,2.0,0.7743766644447623,0.019791666666666666,0.05138471805138472,0.017593436645396535,0.046594274432379075,348.469499000143,17557.233108888548,0.0,4283.1935741333755,3779.091635455553,8.59016751300181,68.48346688549326,14.488768463734235,56.07548366978329,0.0,0.0,0.0,4676.149253731343,,,8062.285209588928,23.078935976736044,0.0,,8062.285209588928,
94,2013,94,94.0,0.0,0.0,1.0,2.0,0.77250715158539,0.01982248520710059,0.05131593436846162,0.01752484191508582,0.04652981427174976,347.6282182134255,17557.374421821885,0.0,4309.647967359548,3820.260397178023,8.646118112140945,69.07699567738874,14.71926080403461,56.498336044316,0.0,0.0,0.0,4725.895522388059,,,8129.90836453757,23.365378916175555,0.0,,8129.90836453757,
95,2014,95,95.0,0.0,0.0,1.0,2.0,0.7706618643585361,0.019852941176470587,0.05124850070875586,0.017457475380483437,0.046466602129719266,346.79783896134126,17556.141466031135,0.0,4335.439513257729,3860.7689723603303,8.700921895372431,69.66184111100303,14.959905411588696,56.901135471832745,0.0,0.0,0.0,4775.641791044776,,,8196.208485618059,23.660827306961128,0.0,,8196.208485618059,
96,2015,96,96.0,0.0,0.0,1.0,2.0,0.7688402387457101,0.019883040935672516,0.05118237771298996,0.017391304347826087,0.04640460210930009,345.97810743556954,17553.57852965579,0.0,4360.578997400959,3900.6193705390774,8.754160383421084,70.24923474084345,15.140273555443676,57.373060412214734,0.0,0.0,0.0,4825.388059701492,,,8261.198367940036,23.894433938864758,0.0,,8261.198367940036,
97,2016,97,97.0,0.0,0.0,1.0,2.0,0.767041729562094,0.019912790697674418,0.051117527537161804,0.017326297273526824,0.04634377967711301,345.1687783029423,17549.728787486045,0.0,4385.077053964592,3939.813923203265,8.805867100596124,70.83915135175673,15.303338417755633,57.86949355237405,0.0,0.0,0.0,4875.134328358209,,,8324.890977167857,24.109205518351757,0.0,,8324.890977167857,
98,2017,98,98.0,0.0,0.0,1.0,2.0,0.7652658096411407,0.019942196531791908,0.051053913780319884,0.017262423714036617,0.04628410159924741,344.3696143385133,17544.6343256784,0.0,4408.944175452847,3978.3552621247936,8.85649492549945,71.42049545212885,15.462248074089228,58.36770620529589,0.0,0.0,0.0,4924.880597014925,,,8387.29943757764,24.31874299958868,0.0,,8387.29943757764,
99,2018,99,99.0,0.0,0.0,1.0,2.0,0.763511969062383,0.019971264367816093,0.05099150141643059,0.017199654278305963,0.046225535880708296,343.5803860780723,17538.33616595537,0.0,4432.190721150841,4016.246299375369,8.905630293630345,72.00428222268644,15.627457318774306,58.84494356086295,0.0,0.0,0.0,4974.626865671642,,,8448.43702052621,24.53308761240465,0.0,,8448.43702052621,
100,2019,100,100.0,0.0,0.0,1.0,2.0,0.7617797144197584,0.02,0.05093025673006964,0.01713796058269066,0.046168051708217916,342.8008714888913,17530.87428930234,0.0,4454.826924437984,4053.490208864303,8.953305992445229,72.59048779651961,15.777820327833117,59.34668567062886,0.0,0.0,0.0,5024.373134328358,,,8508.317133302287,24.731126320278346,0.0,,8508.317133302287,
101,2020,101,101.0,0.0,0.0,1.0,2.0,0.760068568127939,0.02002840909090909,0.050870147255689425,0.017077315208156328,0.04611161939615736,342.03085565757254,17522.287659173868,0.0,4476.862899085836,4090.0904092485366,8.999553867978282,73.17908814841525,15.924318744379002,59.850098102685735,0.0,0.0,0.0,5074.119402985075,,,8566.953308334372,24.923872612357286,0.0,,8566.953308334372,
102,2021,102,102.0,0.0,0.0,1.0,2.0,0.758378067764337,0.02005649717514124,0.05081114172023263,0.017017691659646166,0.04605621033544877,341.2701304939517,17512.6142442213,0.0,4498.308644651766,4126.050548081323,9.044826022216622,73.75917454495978,16.067030492103406,60.355168419998826,0.0,0.0,0.0,5123.865671641791,,,8624.359192733089,25.111856514320028,0.0,,8624.359192733089,
103,2022,103,103.0,0.0,0.0,1.0,2.0,0.7567077654446257,0.020084269662921348,0.05075320998887878,0.01695906432748538,0.04600179694519317,340.51849445008156,17501.891040552815,0.0,4519.174051069236,4161.374487079696,9.088705777369508,74.34158140486217,16.25546276003573,60.79610294873244,0.0,0.0,0.0,5173.611940298508,,,8680.548538148932,25.34416853740524,0.0,,8680.548538148932,
104,2023,104,104.0,0.0,0.0,1.0,2.0,0.7550572272297563,0.02011173184357542,0.05069632301372608,0.016901408450704224,0.04594835262689225,339.77575225339035,17490.154093536676,0.0,4539.468902525765,4196.066288403166,9.131224459586676,74.92628601894128,16.470740260557875,61.19503105422271,0.0,0.0,0.0,5223.358208955224,,,8735.535190928931,25.60196472014455,0.0,,8735.535190928931,
105,2024,105,105.0,0.0,0.0,1.0,2.0,0.7534260325625997,0.02013888888888889,0.0506404527852249,0.01684470008216927,0.04589585172109444,339.04171465316983,17477.438519157822,0.0,4559.202880710938,4230.1302018471315,9.172824357857884,75.50258907979763,16.647350950583085,61.64006961879396,0.0,0.0,0.0,5273.104477611941,,,8789.33308255807,25.82017530844097,0.0,,8789.33308255807,
106,2025,106,106.0,0.0,0.0,1.0,2.0,0.7518137737324664,0.02016574585635359,0.0505855722861923,0.016788916055419722,0.04584426946631671,338.3161981796099,17463.778524937727,0.0,4578.38556750877,4263.570652864513,9.213097752551134,76.08111968494887,16.81891229598339,62.08701744650641,0.0,0.0,0.0,5322.850746268657,,,8841.956220373282,26.032010048534524,0.0,,8841.956220373282,
107,2026,107,107.0,0.0,0.0,1.0,2.0,0.7502200553658739,0.020192307692307693,0.050531655448248954,0.01673403395311237,0.04579358196010408,337.5990249146432,17449.207430426828,0.0,4597.026447201493,4296.392231338097,9.252075377903203,76.66185636753637,16.953853420193028,62.579593433603726,0.0,0.0,0.0,5372.5970149253735,,,8893.41867853959,26.20592879809623,0.0,,8893.41867853959,
108,2027,108,108.0,0.0,0.0,1.0,2.0,0.7486444939420472,0.020218579234972677,0.050478677110530897,0.016680032076984763,0.045743766122098024,336.89002227392126,17433.757687278667,0.0,4615.134908245261,4328.599681034132,9.290188760555491,77.23430271555078,17.08504080384447,63.07371442855419,0.0,0.0,0.0,5422.3432835820895,,,8943.734589279393,26.375229564399962,0.0,,8943.734589279393,
109,2028,109,109.0,0.0,0.0,1.0,2.0,0.7470867173317294,0.020244565217391305,0.05042661298053878,0.016626889419252187,0.045694799658994034,336.18902279927823,17417.460898914385,0.0,4632.720244672219,4360.197889675013,9.327040072534558,77.8088887266351,17.212581084914206,63.56929533440642,0.0,0.0,0.0,5472.089552238806,,,8992.918134347234,26.539621157448764,0.0,,8992.918134347234,
110,2029,110,110.0,0.0,0.0,1.0,2.0,0.7455463643579844,0.02027027027027027,0.05037543959699648,0.016574585635359115,0.04564666103127642,335.495863961093,17400.34783978604,0.0,4649.791657167971,4391.191879575414,9.3626593904382,78.38559410499056,17.345788049715686,64.04411435808458,0.0,0.0,0.0,5521.835820895522,,,9040.983536743384,26.708447440153886,0.0,,9040.983536743384,
111,2030,111,111.0,0.0,0.0,1.0,2.0,0.7440230843777464,0.02029569892473118,0.05032513429459994,0.016523101018010963,0.04559932942162615,334.8103879699859,17382.44847424685,0.0,4666.358253868495,4421.586798792072,9.397466716155776,78.95411907791517,17.46580921038752,64.5427474674989,0.0,0.0,0.0,5571.582089552238,,,9087.945052660567,26.863275926543295,0.0,,9087.945052660567,
112,2031,112,112.0,0.0,0.0,1.0,2.0,0.7425165368829679,0.020320855614973262,0.050275675170544806,0.016472416472416474,0.045552784704904405,334.13244159733557,17363.791975036216,0.0,4682.429050916113,4451.3879127427435,9.431074852471495,79.52470051884842,17.582460489255485,65.04274150460373,0.0,0.0,0.0,5621.328358208955,,,9133.816963658857,27.01353534172698,0.0,,9133.816963658857,
113,2032,113,113.0,0.0,0.0,1.0,2.0,0.7410263911202727,0.020345744680851065,0.05022704105272913,0.016422513492675407,0.04550700741962078,333.4618760041227,17344.406741387196,0.0,4698.012972809953,4480.600596254486,9.463513159795072,80.09731923475223,17.69581209215139,65.54409011654128,0.0,0.0,0.0,5671.074626865671,,,9178.613569064439,27.159325251946463,0.0,,9178.613569064439,
114,2033,114,114.0,0.0,0.0,1.0,2.0,0.7395523257281087,0.020370370370370372,0.05017921146953405,0.016373374139250194,0.04546197874080131,332.7985465776489,17324.32041676375,0.0,4713.118852582726,4509.230326005774,9.494810095450076,80.6719560015122,17.91599376998993,65.89594827988087,0.0,0.0,0.0,5720.820895522388,,,9222.3491785885,27.41080386544001,0.0,,9222.3491785885,
115,2034,115,115.0,0.0,0.0,1.0,2.0,0.7380940283904439,0.020394736842105264,0.05013216662109197,0.016324981017463935,0.0454176804541768,332.14231277569974,17303.559906235,0.0,4727.755431832213,4537.2826733306265,9.525377572166898,81.23848050644573,18.066634069280674,66.33622659843125,0.0,0.0,0.0,5770.567164179104,,,9265.03810516284,27.59201164144757,0.0,,9265.03810516284,
116,2035,116,116.0,0.0,0.0,1.0,2.0,0.7366511955061169,0.020418848167539267,0.05008588735195733,0.01627731725697061,0.04537409493161706,331.49303797775264,17282.15139349349,0.0,4741.931360632845,4564.763297356413,9.554833470933985,81.80696449226612,18.212591350053067,66.77817242913801,0.0,0.0,0.0,5820.313432835821,,,9306.694657989257,27.767424820987053,0.0,,9306.694657989257,
117,2036,117,117.0,0.0,0.0,1.0,2.0,0.7352235318730063,0.020442708333333334,0.05004035512510089,0.0162303664921466,0.04533120510774142,330.8505893428528,17260.12035752417,0.0,4755.655197349968,4591.677938450003,9.583205656900523,82.37738978359245,18.343489926045486,67.24358620134292,0.0,0.0,0.0,5870.059701492537,,,9347.33313579997,27.92669558294601,0.0,,9347.33313579997,
118,2037,118,118.0,0.0,0.0,1.0,2.0,0.7338107503862338,0.020466321243523315,0.049995551997153276,0.016184112843355608,0.045288994457640536,330.2148376738052,17237.49158893088,0.0,4768.935408376908,4618.032411949631,9.61089307120044,82.93981191952764,18.48178412174903,67.68883845567028,0.0,0.0,0.0,5919.805970149254,,,9386.96782032654,28.09267719294947,0.0,,9386.96782032654,
119,2038,119,119.0,0.0,0.0,1.0,2.0,0.7324125717496656,0.020489690721649485,0.04995146059482835,0.016138540899042007,0.04524744697564807,329.5856572873495,17214.289205926638,0.0,4781.78036781265,4643.832602162306,9.637525978018177,83.50411974730099,18.584993383707587,68.17857145615008,0.0,0.0,0.0,5969.55223880597,,,9425.612969974956,28.222519361725766,0.0,,9425.612969974956,
120,2039,120,120.0,0.0,0.0,1.0,2.0,0.7310287242000166,0.020512820512820513,0.049908064092461256,0.0160936356986101,0.04520654715510521,328.9629258900075,17190.536669994177,0.0,4794.198357095929,4669.084456608731,9.663131565096352,84.07029607627389,18.685017106928093,68.66956728378504,0.0,0.0,0.0,6019.298507462687,,,9463.28281370466,28.348148672024443,0.0,,9463.28281370466,
121,2040,121,121.0,0.0,0.0,1.0,2.0,0.7296589432429121,0.020535714285714286,0.0498653461906003,0.016049382716049384,0.04516627996906419,328.34652445931044,17166.256801222837,0.0,4806.19756460964,4693.793980499633,9.687736158690091,84.63832372192621,18.781927856878305,69.16181928463541,0.0,0.0,0.0,6069.044776119403,,,9499.991545109273,28.469664015568398,0.0,,9499.991545109273,
122,2041,122,122.0,0.0,0.0,1.0,2.0,0.7283029714002894,0.020558375634517765,0.049823291095595204,0.016005767844268208,0.04512663085188027,327.73633713013027,17141.47179332785,0.0,4817.786085267797,4717.967231429149,9.711728267869502,85.19842001715418,18.875796534902133,69.65532075950364,0.0,0.0,0.0,6118.79104477612,,,9535.753316696946,28.587524802771632,0.0,,9535.753316696946,
123,2042,123,123.0,0.0,0.0,1.0,2.0,0.7269605579685672,0.02058080808080808,0.049781883500128306,0.015962777380100216,0.04508758568164508,327.1322510858552,17116.203228357983,0.0,4828.971920095803,4741.6103142723805,9.734745985590298,85.76031568511516,18.966712149944108,70.14999870860919,0.0,0.0,0.0,6168.537313432836,,,9570.582234368183,28.701458135534406,0.0,,9570.582234368183,
124,2043,124,124.0,0.0,0.0,1.0,2.0,0.7256314587870392,0.020603015075376884,0.049741108564637974,0.01592039800995025,0.04504913076341647,326.5341564541676,17090.472091097206,0.0,4839.762975813337,4764.729376275673,9.756815048466192,86.32399447059534,19.054740077934728,70.64584872074379,0.0,0.0,0.0,6218.2835820895525,,,9604.49235208901,28.81155512640092,0.0,,9604.49235208901,
125,2044,125,125.0,0.0,0.0,1.0,2.0,0.7243154360159798,0.020625,0.04970095189958723,0.01587861679604799,0.0450112528132033,325.94194620719094,17064.29878316621,0.0,4850.167064428004,4787.330602329291,9.77831020705195,86.87984938348632,19.184379354000967,71.07932039738748,0.0,0.0,0.0,6268.0298507462685,,,9637.497666757296,28.96268956105292,0.0,,9637.497666757296,
126,2045,126,126.0,0.0,0.0,1.0,2.0,0.7230122579239842,0.02064676616915423,0.04966139954853273,0.01583742116327961,0.044973938942665666,325.35551606579287,17037.7031368292,0.0,4860.191902846764,4809.420210413313,9.79888285053963,87.43743797303335,19.356042895487896,71.4507198304812,0.0,0.0,0.0,6317.776119402985,,,9669.612113260077,29.154925746027526,0.0,,9669.612113260077,
127,2046,127,127.0,0.0,0.0,1.0,2.0,0.7217216986840831,0.02066831683168317,0.04962243797195254,0.015796798886569242,0.04493717664449371,324.7747644078374,17010.70442851146,0.0,4869.8451125111105,4831.004447208439,9.818558037934547,87.99674485578923,19.476586027276575,71.8874831083419,0.0,0.0,0.0,6367.522388059701,,,9700.84955971955,29.295144065211122,0.0,,9700.84955971955,
128,2047,128,128.0,0.0,0.0,1.0,2.0,0.7204435381782099,0.020689655172413793,0.0495840540317931,0.01575673807878369,0.044900953778429925,324.1995921801945,16983.321392033064,0.0,4879.13421906113,4852.089583864315,9.837360006116333,88.55775467497838,19.59306923215447,72.3257395723683,0.0,0.0,0.0,6417.268656716418,,,9731.223802925444,29.430429238270804,0.0,,9731.223802925444,
129,2048,129,129.0,0.0,0.0,1.0,2.0,0.7191775618096118,0.02071078431372549,0.04954623497669855,0.01571722717913521,0.044865258557902396,323.6299028143253,16955.572231563947,0.0,4888.066652032729,4872.681911918637,9.85565158544139,89.11101459200279,19.676419750711705,72.80772175492565,0.0,0.0,0.0,6467.014925373134,,,9760.748563951365,29.532071336153095,0.0,,9760.748563951365,
130,2049,130,130.0,0.0,0.0,1.0,2.0,0.7179235603228248,0.020731707317073172,0.049508968427887344,0.015678254942058625,0.04483007953723788,323.06560214527116,16927.4746343055,0.0,4896.649744591587,4892.787739361043,9.873093735102591,89.66593113290995,19.785777066083952,73.24858044815345,0.0,0.0,0.0,6516.761194029851,,,9789.43748395263,29.658870801186545,0.0,,9789.43748395263,
131,2050,131,131.0,0.0,0.0,1.0,2.0,0.7166813296308526,0.02075242718446602,0.04947224236564338,0.015639810426540286,0.04479540559942569,322.5065983338837,16899.04578290378,0.0,4904.890733306778,4912.413386836273,9.889710087808805,90.2224897600562,19.883119729649096,73.71230562297441,0.0,0.0,0.0,6566.507462686567,,,9817.304120143051,29.7728298174579,0.0,,9817.304120143051,
132,2051,132,132.0,0.0,0.0,1.0,2.0,0.7154506706492076,0.02077294685990338,0.04943604511639069,0.015601882985877608,0.04476122594440484,321.9528017921434,16870.302367599255,0.0,4912.79675796637,4931.5651839816555,9.905523494512064,90.78067597365904,19.957191463524204,74.19806899920866,0.0,0.0,0.0,6616.253731343284,,,9844.361941948026,29.862714958036268,0.0,,9844.361941948026,
133,2052,133,133.0,0.0,0.0,1.0,2.0,0.7142313891364912,0.02079326923076923,0.04940036534032245,0.015564462257849033,0.04472753007784854,321.404125111421,16841.260598118035,0.0,4920.374861436858,4950.249465894393,9.9208842457921,91.33118794036743,20.04970132681217,74.66423783360284,0.0,0.0,0.0,6666.0,,,9870.62432733125,29.97058557260427,0.0,,9870.62432733125,
134,2053,134,134.0,0.0,0.0,1.0,2.0,0.7130232955412115,0.020813397129186603,0.04936519201955682,0.015527538155275383,0.04469430780042164,320.86048299354513,16811.936215309368,0.0,4927.631989567744,4968.472569724508,9.935463750982676,91.88328404526361,20.1183328065474,75.15230098647324,0.0,0.0,0.0,6715.746268656716,,,9896.104559292253,30.053796557530077,0.0,,9896.104559292253,
135,2054,135,135.0,0.0,0.0,1.0,2.0,0.7118262048545458,0.020833333333333332,0.04933051444679352,0.015491100856954517,0.044661549197487785,320.32179218454564,16782.344502534124,0.0,4934.574991142273,4986.240831389623,9.949284250410388,92.43695055641714,20.184462956288854,75.64139050406983,0.0,0.0,0.0,6765.492537313433,,,9920.815822531895,30.13374720669924,0.0,,9920.815822531895,
136,2055,136,136.0,0.0,0.0,1.0,2.0,0.7106399364687803,0.02085308056872038,0.049296322214446776,0.015455140798952195,0.04462924462924462,319.7879714109512,16752.500296808947,0.0,4941.21061787485,5003.560582408109,9.962682031895362,92.9830475639491,20.248151009187158,76.13150274787544,0.0,0.0,0.0,6815.238805970149,,,9944.77120028296,30.21083304108252,0.0,,9944.77120028296,
137,2056,137,137.0,0.0,0.0,1.0,2.0,0.7094643140411607,0.02087264150943396,0.049262605204231334,0.015419648666232922,0.04459738472126634,319.2589413185223,16722.4179997106,0.0,4947.545524455453,5020.438146847309,9.975342172788602,93.53067348111382,20.3094716527428,76.6225746744417,0.0,0.0,0.0,6864.985074626866,,,9967.983671302762,30.2848138255314,0.0,,9967.983671302762,
138,2057,138,138.0,0.0,0.0,1.0,2.0,0.7082991653629181,0.020892018779342724,0.04922935357717966,0.015384615384615387,0.04456596035543403,318.73462441331316,16692.11158804505,0.0,4953.586268640991,5036.879838383829,9.987286236743925,94.07981529639942,20.395737858134865,77.07290179571042,0.0,0.0,0.0,6914.731343283582,,,9990.46610702482,30.38302409487879,0.0,,9990.46610702482,
139,2058,139,139.0,0.0,0.0,1.0,2.0,0.7071443222332296,0.02091121495327103,0.04919655776406976,0.015350032113037895,0.04453496266123557,318.21494500495334,16661.59462428568,0.0,4959.339311393362,5052.891957473052,9.998535026670762,94.6304600419997,20.545811039363915,77.42001476891473,0.0,0.0,0.0,6964.477611940299,,,10012.231268866413,30.544346066034677,0.0,,10012.231268866413,
140,2059,140,140.0,0.0,0.0,1.0,2.0,0.7059996203378985,0.020930232558139535,0.049164208456243856,0.015315890236119976,0.044504383007417395,317.69982915205435,16630.880266785032,0.0,4964.811017063721,5068.480788625199,10.009412127959418,95.17361145882256,20.6540520171007,77.8317187153457,0.0,0.0,0.0,7014.223880597015,,,10033.291805688921,30.663464145060118,0.0,,10033.291805688921,
141,2060,141,141.0,0.0,0.0,1.0,2.0,0.704864899132543,0.020949074074074075,0.049132296596799636,0.015282181357006977,0.04447421299397186,317.1892046096444,16599.98127976429,0.0,4970.007653622287,5083.652597785422,10.019613322603917,95.71822677269617,20.715260087247554,78.30713784711607,0.0,0.0,0.0,7063.9701492537315,,,10053.66025140771,30.73487340985147,0.0,,10053.66025140771,
142,2061,142,142.0,0.0,0.0,1.0,2.0,0.7037400017300959,0.020967741935483872,0.049100813372136405,0.015248897290485194,0.04444444444444444,316.68300077854315,16568.91004308481,0.0,4974.935392932857,5098.413629815487,10.029158813528992,96.26429369023015,20.80075440163428,78.74189814410272,0.0,0.0,0.0,7113.7164179104475,,,10073.349022748345,30.829913215163273,0.0,,10073.349022748345,
143,2062,143,143.0,0.0,0.0,1.0,2.0,0.7026247747924269,0.020986238532110093,0.0490697502038396,0.015216030056355669,0.04441506939854593,316.1811486565921,16537.67856180575,0.0,4979.60031107106,5112.770106074796,10.038068088750496,96.81179996593596,20.874693440092994,79.19895602788782,0.0,0.0,0.0,7163.462686567164,,,10092.370417145856,30.91276152884349,0.0,,10092.370417145856,
144,2063,144,144.0,0.0,0.0,1.0,2.0,0.7015190684259088,0.021004566210045664,0.04903909874088801,0.015183571873055385,0.044386080105055806,315.683580791659,16506.298475531992,0.0,4984.008388685248,5126.728222098489,10.04665207164761,97.351889890019,20.92787433684846,79.67769956989574,0.0,0.0,0.0,7213.20895522388,,,10110.736610783737,30.97452640849607,0.0,,10110.736610783737,
145,2064,145,145.0,0.0,0.0,1.0,2.0,0.7004227360807583,0.021022727272727273,0.04900885085216882,0.015151515151515154,0.04435746901500326,315.1902312363413,16474.781067556247,0.0,4988.165511398838,5140.294145370524,10.054617444679469,97.89338240485868,20.997713657290785,80.13683202116908,0.0,0.0,0.0,7262.955223880597,,,10128.459656769362,31.052331101970253,0.0,,10128.459656769362,
146,2065,146,146.0,0.0,0.0,1.0,2.0,0.6993356344539872,0.021040723981900454,0.04897899861928639,0.01511985248924401,0.04432922877511341,314.7010355042942,16443.137273799417,0.0,4992.077470252831,5153.474013189643,10.061983151241193,98.4362658957467,21.046257819486254,80.6175422546656,0.0,0.0,0.0,7312.701492537313,,,10145.551483442474,31.108240970727447,0.0,,10145.551483442474,
147,2066,147,147.0,0.0,0.0,1.0,2.0,0.6982576233958169,0.02105855855855856,0.04894953432965129,0.015088576664630423,0.04430135222150675,314.2159305281176,16411.37769155302,0.0,4995.749962187158,5166.273930626228,10.06876745956722,98.98052879835662,21.112252585104475,81.07870368162315,0.0,0.0,0.0,7362.44776119403,,,10162.023892813388,31.181020044671694,0.0,,10162.023892813388,
148,2067,148,148.0,0.0,0.0,1.0,2.0,0.6971885658194025,0.021076233183856503,0.04892045046983717,0.015057680631451123,0.04427383237364043,313.7348546187311,16379.512588027563,0.0,4999.188590559468,5178.699968568067,10.074987999268167,99.5261596033926,21.156386703271888,81.56137552524974,0.0,0.0,0.0,7412.194029850746,,,10177.888559127536,31.231374702540055,0.0,,10177.888559127536,
149,2068,149,149.0,0.0,0.0,1.0,2.0,0.6961283276137337,0.02109375,0.048891739719193215,0.015027157513578757,0.044246662428480604,313.2577474261802,16347.55190871056,0.0,5002.398865699882,5190.758161853104,10.080943744596496,100.06442840563,21.218763671459698,82.02457434145128,0.0,0.0,0.0,7461.940298507463,,,10193.157027552985,31.299707416056194,0.0,,10193.157027552985,
150,2069,150,150.0,0.0,0.0,1.0,2.0,0.695076777559577,0.021111111111111112,0.04886339494370087,0.014997000599880024,0.04421983575489576,312.7845499018096,16315.505285538005,0.0,5005.386205500286,5202.454507487298,10.086350479366093,100.60403096496928,21.25871806428347,82.50914745112635,0.0,0.0,0.0,7511.686567164179,,,10207.840712987585,31.345068543649564,0.0,,10207.840712987585,
151,2070,151,151.0,0.0,0.0,1.0,2.0,0.6940337872483358,0.021128318584070795,0.04883540919006404,0.014967203339296362,0.04419334588826114,312.3152042617511,16283.382044882843,0.0,5008.15593603663,5213.79496294569,10.091225428208643,101.14495635831746,21.29677787618848,82.99455855639019,0.0,0.0,0.0,7561.432835820896,,,10221.950898982319,31.388003304397124,0.0,,10221.950898982319,
152,2071,152,152.0,0.0,0.0,1.0,2.0,0.6929992310037061,0.021145374449339206,0.048807775680022376,0.014937759336099586,0.04416718652526512,311.84965395166773,16251.191215364086,0.0,5010.713292222737,5224.785444554891,10.095585203344502,101.68719371802625,21.35390600952886,83.46051418910764,0.0,0.0,0.0,7611.179104477612,,,10235.498736777628,31.44949121287336,0.0,,10235.498736777628,
153,2072,153,153.0,0.0,0.0,1.0,2.0,0.6919729858060154,0.021162280701754386,0.04878048780487805,0.014908662345315262,0.04414135151890886,311.38784361270694,16218.941535480108,0.0,5013.063418494103,5235.431825955114,10.099716314734037,102.2221482018223,21.425483430808228,83.88616728496542,0.0,0.0,0.0,7660.925373134329,,,10248.495244449216,31.525199745542267,0.0,,10248.495244449216,
154,2073,154,154.0,0.0,0.0,1.0,2.0,0.6909549312191364,0.021179039301310043,0.0487535391202265,0.014879906268306972,0.04411583487369069,310.9297190486114,16186.641461069546,0.0,5015.211369520172,5245.739936640006,10.103345812988584,102.75838239383442,21.51832468167507,84.2717499300266,0.0,0.0,0.0,7710.671641791045,,,10260.95130616018,31.621670494663654,0.0,,10260.95130616018,
155,2074,155,155.0,0.0,0.0,1.0,2.0,0.6899449493198705,0.021195652173913043,0.04872692334088258,0.01485148514851485,0.044090630740967536,310.47522719394175,16154.299172603281,0.0,5017.1621109435855,5255.715560572458,10.106489913167733,103.29588597386649,21.598047596519017,84.67932422313382,0.0,0.0,0.0,7760.417910447762,,,10272.877671516044,31.70453750968675,0.0,,10272.877671516044,
156,2075,156,156.0,0.0,0.0,1.0,2.0,0.688942924629703,0.021212121212121213,0.048700634335993455,0.014823393167342212,0.0440657334144857,310.02431608336633,16121.922582310817,0.0,5018.920520144883,5265.36443487465,10.109164243763544,103.83464867676874,21.651224355241936,85.12923704521472,0.0,0.0,0.0,7810.164179104478,,,10284.284955019533,31.76038859900548,0.0,,10284.284955019533,
157,2076,157,157.0,0.0,0.0,1.0,2.0,0.6879487440488345,0.02122844827586207,0.04867466612433055,0.014795624640184225,0.04404113732607381,309.57693482197556,16089.51934114438,0.0,5020.491387031204,5274.69224859056,10.111643055397334,104.36620766129118,21.7115029414014,85.55950445660818,0.0,0.0,0.0,7859.910447761194,,,10295.183635621765,31.823145996798733,0.0,,10295.183635621765,
158,2077,158,158.0,0.0,0.0,1.0,2.0,0.6869622967924024,0.021244635193133046,0.04864901286975271,0.014768174012593017,0.04401683704149128,309.1330335565811,16057.096845583996,0.0,5021.8794148475035,5283.704641519212,10.11366451959428,104.8989952550101,21.744390566924192,86.03180399370326,0.0,0.0,0.0,7909.6567164179105,,,10305.584056366715,31.858055086518473,0.0,,10305.584056366715,
159,2078,159,159.0,0.0,0.0,1.0,2.0,0.6859834743288008,0.02126068376068376,0.048623668876833434,0.014741035856573706,0.04399282725642558,308.69256344796037,16024.662244286717,0.0,5023.089221008866,5292.407203116922,10.115243876650082,105.4330017040993,21.792287945803952,86.4845966551972,0.0,0.0,0.0,7959.4029850746265,,,10315.496424125788,31.907531822454033,0.0,,10315.496424125788,
160,2079,160,160.0,0.0,0.0,1.0,2.0,0.685012170320022,0.02127659574468085,0.04859862858664536,0.014714204867006225,0.043969102792632206,308.25547664400995,15992.222444583178,0.0,5024.125337952478,5300.8054714668315,10.116395805883228,105.96821730879047,21.846188534073065,86.91772260803515,0.0,0.0,0.0,8009.149253731343,,,10324.93080941931,31.962584339956294,0.0,,10324.93080941931,
161,2080,161,161.0,0.0,0.0,1.0,2.0,0.6840482805639381,0.021292372881355933,0.04857388657269539,0.014687675858187957,0.043945658594211456,307.8217262537721,15959.784118824542,0.0,5024.992214007905,5308.9049323140225,10.117134454958297,106.50463242585232,21.87305213617836,87.3927977963057,0.0,0.0,0.0,8058.895522388059,,,10333.897146321928,31.990186591136656,0.0,,10333.897146321928,
162,2081,162,162.0,0.0,0.0,1.0,2.0,0.6830917029384492,0.021308016877637132,0.04854943753700414,0.014661443760492445,0.04392248972401644,307.39126632230216,15927.35371058289,0.0,5025.6942142843045,5316.711018164518,10.117722260627414,107.03390361234217,21.89825537328885,87.86866090490425,0.0,0.0,0.0,8108.641791044776,,,10342.405232448822,32.015977633916265,0.0,,10342.405232448822,
163,2082,163,163.0,0.0,0.0,1.0,2.0,0.6821423373474276,0.021323529411764706,0.04852527630632398,0.014635503617139677,0.043899591360186806,306.9640518063424,15894.937440708034,0.0,5026.23562157326,5324.229107446495,10.117907095448793,107.56434583379001,21.939897844278313,88.32506655783715,0.0,0.0,0.0,8158.388059701492,,,10350.464729019754,32.057804939727106,0.0,,10350.464729019754,
164,2083,164,164.0,0.0,0.0,1.0,2.0,0.6812000856683863,0.021338912133891212,0.048501397828489695,0.014609850581073603,0.04387695879280325,306.54003855077383,15862.54131324371,0.0,5026.620637265957,5331.464523732042,10.1177028072905,108.0959499207828,21.961768518176978,88.80255348594247,0.0,0.0,0.0,8208.134328358208,,,10358.085160997998,32.07947132546748,0.0,,10358.085160997998,
165,2084,165,165.0,0.0,0.0,1.0,2.0,0.6802648517018125,0.021354166666666667,0.04847779716889664,0.014584479911942764,0.04385458742065782,306.11918326581565,15830.171121205998,0.0,5026.853382283442,5338.422535017796,10.117122730678018,108.62870675864194,22.000778852259522,89.26065127941521,0.0,0.0,0.0,8257.880597014926,,,10365.275917301238,32.11790158293754,0.0,,10365.275917301238,
166,2085,166,166.0,0.0,0.0,1.0,2.0,0.6793365411220954,0.02136929460580913,0.04845446950710108,0.014559386973180077,0.0438324727481354,305.7014435049429,15797.832452226854,0.0,5026.937898018763,5345.10835306283,10.116417563876166,109.15439944153319,22.019490931900023,89.73976119661396,0.0,0.0,0.0,8307.626865671642,,,10372.046251081592,32.13590849577619,0.0,,10372.046251081592,
167,2086,167,167.0,0.0,0.0,1.0,2.0,0.6784150614299985,0.021384297520661157,0.04843141013353779,0.014534567229178008,0.04381061038220194,305.28677764349936,15765.530694065505,0.0,5026.878147289812,5351.527132782169,10.115346082734257,109.68121786606254,22.036797447165,90.21955573249096,0.0,0.0,0.0,8357.373134328358,,,10378.40528007198,32.152143529899256,0.0,,10378.40528007198,
168,2087,168,168.0,0.0,0.0,1.0,2.0,0.6775003219066078,0.02139917695473251,0.04840861444635029,0.014510016242555495,0.04378899602949518,304.8751448579735,15733.271039990464,0.0,5026.678015301728,5357.68397169431,10.113921315342541,110.20915336023529,22.071967659846646,90.67997223034651,0.0,0.0,0.0,8407.119402985074,,,10384.361986996038,32.18588897518919,0.0,,10384.361986996038,
169,2088,169,169.0,0.0,0.0,1.0,2.0,0.6765922335687129,0.02141393442622951,0.04838607794832923,0.014485729671513193,0.04376762549351382,304.4665051059208,15701.05849403486,0.0,5026.341310617768,5363.583909421164,10.112155796300577,110.73819730476566,22.08637899801735,91.16128123319602,0.0,0.0,0.0,8456.865671641792,,,10389.925220038931,32.19853479431792,0.0,,10389.925220038931,
170,2089,170,170.0,0.0,0.0,1.0,2.0,0.6756907091255595,0.02142857142857143,0.048363796243954524,0.0144617032672737,0.04374649467190129,304.06081910650175,15668.897876127705,0.0,5025.871766137578,5369.231927238841,10.110061592235901,111.2683411346833,22.09950390308165,91.64326294527704,0.0,0.0,0.0,8506.611940298508,,,10395.103693376419,32.20956549531755,0.0,,10395.103693376419,
171,2090,171,171.0,0.0,0.0,1.0,2.0,0.6747956629369277,0.02144308943089431,0.04834176503653738,0.014437932871603623,0.04372559955382041,303.65804832161746,15636.793827103727,0.0,5025.273040081849,5374.632947677718,10.107877988142397,111.79148309155201,22.189053957151344,91.98420985401094,0.0,0.0,0.0,8556.358208955224,,,10399.905987759568,32.29693194529374,0.0,,10399.905987759568,
172,2091,172,172.0,0.0,0.0,1.0,2.0,0.6739070109724873,0.02145748987854251,0.048319980125458045,0.014414414414414415,0.04370493621741542,303.2581549376193,15604.750813594304,0.0,5024.548716982359,5379.7918341702425,10.10537345425689,112.31569964790111,22.263769709700032,92.36732558382434,0.0,0.0,0.0,8606.10447761194,,,10404.340551152602,32.36914316395692,0.0,,10404.340551152602,
173,2092,173,173.0,0.0,0.0,1.0,2.0,0.673024670772382,0.021471774193548388,0.04829843740349577,0.014391143911439114,0.04368450082735797,302.86110184757194,15572.773132801998,0.0,5023.702308676465,5384.713390744967,10.102559817718825,112.84098264880899,22.303185107078562,92.79181568700038,0.0,0.0,0.0,8655.850746268658,,,10408.415699421432,32.40574492479739,0.0,,10408.415699421432,
174,2093,174,174.0,0.0,0.0,1.0,2.0,0.6721485614090028,0.0214859437751004,0.048277132854247284,0.014368117461982171,0.04366428963247394,302.4668526340513,15540.864917161169,0.0,5022.737255305126,5389.402361765285,10.099448452607882,113.36732399126028,22.332718628458245,93.23756743435897,0.0,0.0,0.0,8705.597014925374,,,10412.13961707041,32.432167081066126,0.0,,10412.13961707041,
175,2094,175,175.0,0.0,0.0,1.0,2.0,0.6712786034499029,0.0215,0.04825606254963044,0.014345331246739697,0.0436442989634479,302.0753715524563,15509.03013888707,0.0,5021.656926313586,5393.863431711419,10.09605030319327,113.89471562538225,22.34630384328058,93.70421537999889,0.0,0.0,0.0,8755.34328358209,,,10415.520358025005,32.442354146473846,0.0,,10415.520358025005,
176,2095,176,176.0,0.0,0.0,1.0,2.0,0.6704147189218176,0.02151394422310757,0.04823522264746978,0.014322781525687597,0.04362452523060228,301.68662351481794,15477.272614415817,0.0,5020.464621453884,5398.10122500417,10.092593510959261,114.41516907154994,22.38054051419026,94.13116948492211,0.0,0.0,0.0,8805.089552238805,,,10418.565846458056,32.47313402514952,0.0,,10418.565846458056,
177,2096,177,177.0,0.0,0.0,1.0,2.0,0.669556831275749,0.021527777777777778,0.04821460938916078,0.014300464636035105,0.043604964921748514,301.3005740740871,15445.596008737532,0.0,5019.163571788374,5402.1203058690135,10.088856235807114,114.9366490982153,22.4266854693556,94.55946536095927,0.0,0.0,0.0,8854.835820895523,,,10421.283877657388,32.51554170516272,0.0,,10421.283877657388,
178,2097,178,178.0,0.0,0.0,1.0,2.0,0.6687048653530769,0.021541501976284586,0.048194219097410014,0.014278376990241396,0.043585614600107354,300.9171894088846,15414.003839624984,0.0,5017.756940693504,5405.925178239107,10.08484923235088,115.45914803529749,22.43548012294547,95.02863791725846,0.0,0.0,0.0,8904.58208955224,,,10423.682118932611,32.520329355296354,0.0,,10423.682118932611,
179,2098,179,179.0,0.0,0.0,1.0,2.0,0.667858747352663,0.02155511811023622,0.048174048174048176,0.014256515074093,0.04356647090229578,300.53643630869834,15382.499481759944,0.0,5016.247824863113,5409.5202856958285,10.080582837041195,115.9826582632304,22.4590149856669,95.47849099720831,0.0,0.0,0.0,8954.328358208955,,,10425.768110558942,32.539597822708096,0.0,,10425.768110558942,
180,2099,180,180.0,0.0,0.0,1.0,2.0,0.6670184047989097,0.021568627450980392,0.048154093097913325,0.014234875444839857,0.04354753053637812,300.1582821595094,15351.086170759469,0.0,5014.639255310545,5412.910011445472,10.076066989546767,116.50717221391248,22.4652691526699,95.94908791312852,0.0,0.0,0.0,9004.074626865671,,,10427.549266756017,32.541336142216664,0.0,,10427.549266756017,
181,2100,181,181.0,0.0,0.0,1.0,2.0,0.6661837665107462,0.02158203125,0.048134350422801724,0.014213454729387962,0.04352879027997887,299.78269492983577,15319.767007104296,0.0,5012.934198368923,5416.098678330744,10.07151899027429,117.02481276102135,22.470389734939367,96.42033108578826,0.0,0.0,0.0,9053.820895522387,,,10429.032876699668,32.54190872521366,0.0,,10429.032876699668,
182,2101,182,182.0,0.0,0.0,1.0,2.0,0.6653547625715044,0.02159533073929961,0.04811481677548379,0.014192249622546553,0.04351024697845507,299.40964315717696,15288.544959971428,0.0,5011.1355566889315,5419.090548875755,10.066726596468442,117.54343476129786,22.490884146650945,96.87224545121285,0.0,0.0,0.0,9103.567164179105,,,10430.226105564687,32.55761074311938,0.0,,10430.226105564687,
183,2102,183,183.0,0.0,0.0,1.0,2.0,0.6645313242996587,0.021608527131782945,0.048095488853782696,0.014171256885327992,0.04349189754312598,299.0390959348464,15257.42287097304,0.0,5009.246170233526,5421.889825363192,10.0616995963632,118.0630309984789,22.493706861677065,97.34483191590495,0.0,0.0,0.0,9153.313432835821,,,10431.135995596718,32.55540645804027,0.0,,10431.135995596718,
184,2103,184,184.0,0.0,0.0,1.0,2.0,0.6637133842203977,0.021621621621621623,0.048076363424713345,0.014150473343298456,0.043473738949557986,298.671022899179,15226.403457803712,0.0,5007.268817268984,5424.500649942419,10.056447390875082,118.58359430503583,22.512502765260567,97.79813726566358,0.0,0.0,0.0,9203.059701492537,,,10431.769467211403,32.56895015613565,0.0,,10431.769467211403,
185,2104,185,185.0,0.0,0.0,1.0,2.0,0.6629008760380011,0.021634615384615384,0.048057437322679634,0.01412989588497769,0.04345576823590274,298.30539421710046,15195.48931779803,0.0,5005.20621535175,5426.9271047672255,10.050979013398134,119.10511756290168,22.51315252676389,98.2720581598381,0.0,0.0,0.0,9252.805970149253,,,10432.133320118975,32.56413154016202,0.0,,10432.133320118975,
186,2105,186,186.0,0.0,0.0,1.0,2.0,0.6620937346089931,0.021647509578544062,0.04803870744772767,0.014109521460286137,0.04343798250128667,297.9421805740469,15164.682931400484,0.0,5003.061022310579,5429.173212162042,10.04530314834497,119.62759370412186,22.512852797959226,98.74657300049272,0.0,0.0,0.0,9302.55223880597,,,10432.23423447262,32.5581559463042,0.0,,10432.23423447262,
187,2106,187,187.0,0.0,0.0,1.0,2.0,0.6612918959160502,0.02166030534351145,0.04802017076385307,0.014089347079037801,0.04342037890424987,297.58135316222257,15133.98666554963,0.0,5000.8358372234725,5431.242934815386,10.03962642427471,120.14324818776257,22.511632897701872,99.22167801646918,0.0,0.0,0.0,9352.298507462687,,,10432.078772038858,32.55125932197658,0.0,,10432.078772038858,
188,2107,188,188.0,0.0,0.0,1.0,2.0,0.6604952970426327,0.02167300380228137,0.04800182429736047,0.014069369809477284,0.043402954661232805,297.2228836691847,15103.402776978379,0.0,4998.533201388961,5433.140175999399,10.033745542776613,120.65983488325571,22.527017722263295,99.67750056313326,0.0,0.0,0.0,9402.044776119403,,,10431.67337738836,32.56076326503991,0.0,,10431.67337738836,
189,2108,189,189.0,0.0,0.0,1.0,2.0,0.6597038761483224,0.02168560606060606,0.0479836651352731,0.014049586776859505,0.04338570704510897,296.86674426674506,15072.933415432284,0.0,4996.155599291298,5434.868779814298,10.027669115406049,121.177347045321,22.52388897315626,100.15384338712163,0.0,0.0,0.0,9451.791044776119,,,10431.024379105596,32.55155808856231,0.0,,10431.024379105596,
190,2109,190,190.0,0.0,0.0,1.0,2.0,0.6589175724448365,0.02169811320754717,0.04796569042379098,0.014029995162070633,0.04336863338376198,296.51290760017645,15042.58062680765,0.0,4993.705459559149,5436.432531456664,10.021405408650248,121.69577797594272,22.51993775176066,100.63072842737748,0.0,0.0,0.0,9501.537313432837,,,10430.137991015814,32.54134316041091,0.0,,10430.137991015814,
191,2110,191,191.0,0.0,0.0,1.0,2.0,0.6581363261727025,0.021710526315789475,0.0479478973667958,0.014010592200288878,0.04335173105870547,296.1613467777161,15012.346356211237,0.0,4991.18515591741,5437.835157510425,10.01496236144566,122.21512102486133,22.515189309642814,101.10815326822863,0.0,0.0,0.0,9551.283582089553,,,10429.020313427834,32.530151671088475,0.0,,10429.020313427834,
192,2111,192,192.0,0.0,0.0,1.0,2.0,0.6573600785785663,0.021722846441947566,0.04793028322440087,0.013991375179683756,0.04333499750374439,295.8120353603548,14982.232450943322,0.0,4988.597008131789,5439.080326259503,10.008536456830058,122.72770946013094,22.60430942399595,101.4065982991916,0.0,0.0,0.0,9601.029850746268,,,10427.677334391292,32.61284588082601,0.0,,10427.677334391292,
193,2112,193,193.0,0.0,0.0,1.0,2.0,0.6565887718931188,0.02173507462686567,0.04791284531154466,0.0139723414401526,0.04331843020367611,295.46494735190345,14952.24066340582,0.0,4985.9432829457955,5440.171648021065,10.001933755412548,123.24119053558356,22.628386662460876,101.82621523296636,0.0,0.0,0.0,9650.776119402984,,,10426.114930966862,32.63032041787342,0.0,,10426.114930966862,
194,2113,194,194.0,0.0,0.0,1.0,2.0,0.6558223493096159,0.021747211895910782,0.047895580996626295,0.013953488372093023,0.043302026693030155,295.12005718932716,14922.372653937167,0.0,4983.226195009868,5441.112675498374,9.995162134774262,123.75555790012288,22.647744592127133,102.24650911932464,0.0,0.0,0.0,9700.522388059702,,,10424.338870508243,32.642906726901394,0.0,,10424.338870508243,
195,2114,195,195.0,0.0,0.0,1.0,2.0,0.6550607549629766,0.02175925925925926,0.04787848770018161,0.013934813415210204,0.04328578455484506,294.77733973333943,14892.629993575592,0.0,4980.447907802306,5441.906904152235,9.98822914902071,124.27080524762114,22.665530435025133,102.66760890162003,0.0,0.0,0.0,9750.268656716418,,,10422.354811954541,32.653759584045844,0.0,,10422.354811954541,
196,2115,196,196.0,0.0,0.0,1.0,2.0,0.654303933909439,0.021771217712177122,0.04786156289359838,0.01391631405735778,0.04326970141948115,294.4367702592475,14863.01416675241,0.0,4977.610534541746,5442.557772590087,9.981142045315586,124.78692631728622,22.662499452649598,103.12935207388584,0.0,0.0,0.0,9800.014925373134,,,10420.168307131833,32.643641497965184,0.0,,10420.168307131833,
197,2116,197,197.0,0.0,0.0,1.0,2.0,0.6535518321067582,0.021783088235294117,0.04784480409786933,0.013897987833411325,0.0432537749634681,294.0983244480412,14833.52657391691,0.0,4974.716139090956,5443.068662971784,9.973907779389384,125.30391489398065,22.690030418112816,103.55214112614345,0.0,0.0,0.0,9849.76119402985,,,10417.784802062739,32.6639381975022,0.0,,10417.784802062739,
198,2117,198,198.0,0.0,0.0,1.0,2.0,0.6528043963949258,0.021794871794871794,0.04782820888238165,0.013879832324173265,0.04323800290838584,293.7619783777166,14804.168534094415,0.0,4971.766736851667,5443.442901431178,9.966712825272108,125.81420410227904,22.698415520447334,103.99551951977368,0.0,0.0,0.0,9899.507462686568,,,10415.209638282846,32.66512834571944,0.0,,10415.209638282846,
199,2118,199,199.0,0.0,0.0,1.0,2.0,0.6520615744773989,0.021806569343065692,0.047811774863741836,0.013861845155308299,0.0432223830197781,293.4277085148295,14774.94128737898,0.0,4968.764295650277,5443.683758512588,9.95937201041595,126.32534267010614,22.69236451794551,104.45932280975077,0.0,0.0,0.0,9949.253731343284,,,10412.448054162865,32.65173652836146,0.0,,10412.448054162865,
200,2119,200,200.0,0.0,0.0,1.0,2.0,0.6513233149028186,0.02181818181818182,0.04779549970463455,0.01384402399630826,0.04320691310609698,293.0954917062684,14745.845997362296,0.0,4965.710736614197,5443.7944496212995,9.951892280606154,126.8373246568794,22.6994714378539,104.90391161659736,0.0,0.0,0.0,9999.0,,,10409.505186235496,32.651363718460054,0.0,,10409.505186235496,
